DROP TABLE IF EXISTS `sketch_settings`;
DROP TABLE IF EXISTS `sketch_views`;
DROP TABLE IF EXISTS `sketch_page`;
CREATE TABLE `sketch_settings` (
  `sketch_settings_id` int(10) NOT NULL AUTO_INCREMENT,
  `main_site_url` varchar(255) DEFAULT NULL,
  `theme_path` varchar(255) DEFAULT NULL,
  `cache_seconds` int(10) DEFAULT '2592000',
  `global_update` datetime DEFAULT NULL,
  PRIMARY KEY (`sketch_settings_id`)
) ENGINE=InnoDB DEFAULT CHARSET=utf8;
CREATE TABLE `sketch_page` (
  `page_id` int(10) NOT NULL AUTO_INCREMENT,
  `page_description` varchar(255) DEFAULT NULL,
  `page_keywords` varchar(255) DEFAULT NULL,
  `page_title` varchar(255) DEFAULT NULL,
  `content` mediumtext,
  `edit` mediumtext,
  `page_updated` datetime NOT NULL,
  `updated_by` varchar(80) DEFAULT NULL,
  `page_robots` varchar(255) DEFAULT 'INDEX,FOLLOW',
  `page_canonical` varchar(255) DEFAULT NULL,
  `rssfeed` varchar(255) DEFAULT NULL,
  `rsstext` varchar(255) DEFAULT NULL,
  `page_date` date DEFAULT NULL,
  `page_expiry` date DEFAULT NULL,
  `page_type` varchar(25) DEFAULT 'general',
  `page_status` varchar(25) DEFAULT 'published',
  `pagefile` varchar(50) DEFAULT NULL,
  `pageoutput` varchar(50) DEFAULT NULL,
  `pageform` varchar(50) DEFAULT NULL,
  `page_cache` tinyint(3) unsigned NOT NULL DEFAULT '0',
  `page_heading` varchar(100) DEFAULT NULL,
  PRIMARY KEY (`page_id`)
) ENGINE=InnoDB DEFAULT CHARSET=utf8;
INSERT INTO `sketch_page` (`page_id`, `page_description`, `page_keywords`, `page_title`, `content`, `edit`, `page_updated`, `updated_by`, `page_robots`, `page_canonical`, `rssfeed`, `rsstext`, `page_date`, `page_expiry`, `page_type`, `page_status`, `pagefile`, `pageoutput`, `pageform`, `page_cache`, `page_heading`)
VALUES
	(1,'Welcome to this website','sketch','sketch','a:5:{s:9:\"plugin_id\";s:1:\"2\";s:10:\"page_image\";s:0:\"\";s:10:\"page_intro\";s:0:\"\";s:13:\"leadparagraph\";s:0:\"\";s:4:\"edit\";s:124:\"<h1>Welcome to Sketch. This is Sketch version 3, sporting many new features making creating a website for you a breeze.</h1>\";}','a:5:{s:9:\"plugin_id\";s:1:\"2\";s:10:\"page_image\";s:0:\"\";s:10:\"page_intro\";s:0:\"\";s:13:\"leadparagraph\";s:0:\"\";s:4:\"edit\";s:124:\"<h1>Welcome to Sketch. This is Sketch version 3, sporting many new features making creating a website for you a breeze.</h1>\";}','2012-07-14 10:18:02','kevin','INDEX,FOLLOW','','','','2012-07-03',NULL,'landing','published','','','',0,''),
	(25,'sketch Trash page','','sketch','','Welcome to sketch','2012-07-03 14:00:39','sketch-Trash','NOINDEX,NOFOLLOW','','','','2012-07-03',NULL,'general','hidden','','','',0,'sketch Trash'),
	(26,NULL,NULL,'search','a:5:{s:9:\"plugin_id\";s:1:\"2\";s:10:\"page_image\";s:0:\"\";s:10:\"page_intro\";s:0:\"\";s:13:\"leadparagraph\";s:0:\"\";s:4:\"edit\";s:397:\"<h1 style=;#;float: left;;#;>Site Search</h1>\n<form id=;#;searchform;#; class=;#;required shadow;#; style=;#;float: right; padding: 10px; background: #fff;;#; method=;#;get;#;><label id=;#;searchlbl;#; style=;#;padding-top: 5px;;#;>Type and hit enter</label> <input id=;#;s;#; class=;#;required label:\'searchlbl\';#; type=;#;text;#; name=;#;s;#; /></form>\n<div style=;#;clear: both;;#;>&nbsp;</div>\";}','a:5:{s:9:\"plugin_id\";s:1:\"2\";s:10:\"page_image\";s:0:\"\";s:10:\"page_intro\";s:0:\"\";s:13:\"leadparagraph\";s:0:\"\";s:4:\"edit\";s:397:\"<h1 style=;#;float: left;;#;>Site Search</h1>\n<form id=;#;searchform;#; class=;#;required shadow;#; style=;#;float: right; padding: 10px; background: #fff;;#; method=;#;get;#;><label id=;#;searchlbl;#; style=;#;padding-top: 5px;;#;>Type and hit enter</label> <input id=;#;s;#; class=;#;required label:\'searchlbl\';#; type=;#;text;#; name=;#;s;#; /></form>\n<div style=;#;clear: both;;#;>&nbsp;</div>\";}','2012-07-07 20:57:05','kevin','INDEX,FOLLOW',NULL,NULL,NULL,'2012-07-05',NULL,'listing','published','','','',0,''),
	(27,NULL,NULL,'Checkout','a:5:{s:9:\"plugin_id\";s:1:\"2\";s:10:\"page_image\";s:0:\"\";s:10:\"page_intro\";s:0:\"\";s:13:\"leadparagraph\";s:0:\"\";s:4:\"edit\";s:0:\"\";}','a:5:{s:9:\"plugin_id\";s:1:\"2\";s:10:\"page_image\";s:0:\"\";s:10:\"page_intro\";s:0:\"\";s:13:\"leadparagraph\";s:0:\"\";s:4:\"edit\";s:0:\"\";}','2012-07-09 19:37:15','kevin','INDEX,FOLLOW',NULL,NULL,NULL,'2012-07-05',NULL,'checkout','published','','','',0,''),
	(28,NULL,NULL,'News',NULL,NULL,'2012-07-05 14:04:49','kevin','INDEX,FOLLOW',NULL,NULL,NULL,'2012-07-05',NULL,'article','published','','','',0,NULL),
	(29,NULL,NULL,'Sample news article','a:4:{s:9:\"plugin_id\";s:1:\"2\";s:10:\"page_image\";s:27:\"sketch-images/art/blog1.jpg\";s:10:\"page_intro\";s:73:\"<h2>Sample news item</h2>\n<p>This is the listing for the news article</p>\";s:4:\"edit\";s:52:\"<p>This is the main content for the news article</p>\";}','a:4:{s:9:\"plugin_id\";s:1:\"2\";s:10:\"page_image\";s:27:\"sketch-images/art/blog1.jpg\";s:10:\"page_intro\";s:73:\"<h2>Sample news item</h2>\n<p>This is the listing for the news article</p>\";s:4:\"edit\";s:52:\"<p>This is the main content for the news article</p>\";}','2012-07-07 17:15:43','kevin','INDEX,FOLLOW',NULL,NULL,NULL,'2012-07-05',NULL,'news','published','','','',0,'This is the page heading'),
	(30,NULL,NULL,'products',NULL,NULL,'2012-07-05 14:33:09','kevin','INDEX,FOLLOW',NULL,NULL,NULL,'2012-07-05',NULL,'productl','published','','','',0,NULL),
	(31,NULL,NULL,'Sample product','a:13:{s:9:\"plugin_id\";s:1:\"2\";s:10:\"page_image\";s:27:\"sketch-images/art/blog1.jpg\";s:10:\"page_intro\";s:38:\"<p>We have apples!! Come get some!</p>\";s:13:\"leadparagraph\";s:0:\"\";s:4:\"edit\";s:0:\"\";s:13:\"product_stock\";s:3:\"100\";s:14:\"product_weight\";s:4:\"0.95\";s:13:\"product_price\";s:4:\"0.50\";s:12:\"product_file\";s:0:\"\";s:13:\"product_color\";s:16:\"red,green,golden\";s:12:\"product_size\";s:8:\"XL,L,M,S\";s:12:\"product_code\";s:5:\"XL123\";s:11:\"product_sku\";s:10:\"sku123-345\";}','a:13:{s:9:\"plugin_id\";s:1:\"2\";s:10:\"page_image\";s:27:\"sketch-images/art/blog1.jpg\";s:10:\"page_intro\";s:38:\"<p>We have apples!! Come get some!</p>\";s:13:\"leadparagraph\";s:0:\"\";s:4:\"edit\";s:0:\"\";s:13:\"product_stock\";s:3:\"100\";s:14:\"product_weight\";s:4:\"0.95\";s:13:\"product_price\";s:4:\"0.50\";s:12:\"product_file\";s:0:\"\";s:13:\"product_color\";s:16:\"red,green,golden\";s:12:\"product_size\";s:8:\"XL,L,M,S\";s:12:\"product_code\";s:5:\"XL123\";s:11:\"product_sku\";s:10:\"sku123-345\";}','2012-07-07 17:09:33','kevin','INDEX,FOLLOW',NULL,NULL,NULL,'2012-07-05',NULL,'product','published','','','',0,'Sample product'),
	(32,NULL,NULL,'Websites',NULL,'a:5:{s:9:\"plugin_id\";s:1:\"2\";s:10:\"page_image\";s:0:\"\";s:10:\"page_intro\";s:0:\"\";s:13:\"leadparagraph\";s:0:\"\";s:4:\"edit\";s:0:\"\";}','2012-07-05 16:38:50','kevin','INDEX,FOLLOW',NULL,NULL,NULL,'2012-07-05',NULL,'blogl','published','','','',0,''),
	(33,NULL,NULL,'Sample blog entry','a:4:{s:9:\"plugin_id\";s:1:\"2\";s:10:\"page_image\";s:27:\"sketch-images/art/blog1.jpg\";s:10:\"page_intro\";s:30:\"<p>This is our latest blog</p>\";s:4:\"edit\";s:47:\"<p>This is the blog content about apples...</p>\";}','a:4:{s:9:\"plugin_id\";s:1:\"2\";s:10:\"page_image\";s:27:\"sketch-images/art/blog1.jpg\";s:10:\"page_intro\";s:30:\"<p>This is our latest blog</p>\";s:4:\"edit\";s:47:\"<p>This is the blog content about apples...</p>\";}','2012-07-06 17:20:58','kevin','INDEX,FOLLOW',NULL,NULL,NULL,'2012-07-05',NULL,'blog','published','','','',0,'Blog page for apples'),
	(34,NULL,NULL,'Forum',NULL,'a:5:{s:9:\"plugin_id\";s:1:\"2\";s:10:\"page_image\";s:0:\"\";s:10:\"page_intro\";s:0:\"\";s:13:\"leadparagraph\";s:0:\"\";s:4:\"edit\";s:0:\"\";}','2012-07-05 18:36:16','kevin','INDEX,FOLLOW',NULL,NULL,NULL,'2012-07-05',NULL,'listing','published','','','',0,''),
	(35,NULL,NULL,'membership',NULL,NULL,'2012-07-05 18:36:47','kevin','INDEX,FOLLOW',NULL,NULL,NULL,'2012-07-05',NULL,'general','published','','','',0,NULL),
	(39,NULL,NULL,NULL,'a:11:{s:4:\"edit\";s:17:\"This is a comment\";s:10:\"addcomment\";s:10:\"addcomment\";s:4:\"blog\";s:1:\"1\";s:5:\"token\";s:32:\"7bbfd7e79600d05f38ea09d3316713e8\";s:7:\"blogcat\";s:1:\"1\";s:5:\"under\";s:2:\"38\";s:12:\"page_updated\";s:19:\"2012-07-05 21:13:41\";s:9:\"page_date\";s:19:\"2012-07-05 21:13:41\";s:9:\"page_type\";s:4:\"blog\";s:11:\"page_status\";s:6:\"hidden\";s:10:\"page_price\";b:0;}','a:11:{s:4:\"edit\";s:17:\"This is a comment\";s:10:\"addcomment\";s:10:\"addcomment\";s:4:\"blog\";s:1:\"1\";s:5:\"token\";s:32:\"7bbfd7e79600d05f38ea09d3316713e8\";s:7:\"blogcat\";s:1:\"1\";s:5:\"under\";s:2:\"38\";s:12:\"page_updated\";s:19:\"2012-07-05 21:13:41\";s:9:\"page_date\";s:19:\"2012-07-05 21:13:41\";s:9:\"page_type\";s:4:\"blog\";s:11:\"page_status\";s:6:\"hidden\";s:10:\"page_price\";b:0;}','2012-07-05 21:13:41','Annonymous','INDEX,FOLLOW',NULL,NULL,NULL,'2012-07-05',NULL,'blog','published','',NULL,NULL,0,NULL),
	(42,NULL,NULL,NULL,'a:7:{s:12:\"page_heading\";s:10:\"A new post\";s:4:\"edit\";s:18:\"this is a new post\";s:10:\"page_image\";s:0:\"\";s:7:\"addpost\";s:7:\"addpost\";s:4:\"blog\";s:1:\"1\";s:5:\"token\";s:32:\"f35074f6280a07871d32483cf9968c79\";s:7:\"blogcat\";s:1:\"1\";}','a:7:{s:12:\"page_heading\";s:10:\"A new post\";s:4:\"edit\";s:18:\"this is a new post\";s:10:\"page_image\";s:0:\"\";s:7:\"addpost\";s:7:\"addpost\";s:4:\"blog\";s:1:\"1\";s:5:\"token\";s:32:\"f35074f6280a07871d32483cf9968c79\";s:7:\"blogcat\";s:1:\"1\";}','2012-07-05 21:20:49','localhost','INDEX,FOLLOW',NULL,NULL,NULL,'2012-07-05',NULL,'blog','hidden','',NULL,NULL,0,'A new post'),
	(43,NULL,NULL,'My new posting','a:4:{s:9:\"plugin_id\";s:1:\"2\";s:10:\"page_image\";s:27:\"sketch-images/art/blog4.jpg\";s:10:\"page_intro\";s:39:\"<p>This is another sample blog post</p>\";s:4:\"edit\";s:175:\"<h1>Wow - Welcome to Sketch</h1>\n<p>Sketch autmatically hosts your blogs for you. If you are logged in as a member - then comments can even be posted about each blog post.</p>\";}','a:4:{s:9:\"plugin_id\";s:1:\"2\";s:10:\"page_image\";s:27:\"sketch-images/art/blog4.jpg\";s:10:\"page_intro\";s:39:\"<p>This is another sample blog post</p>\";s:4:\"edit\";s:175:\"<h1>Wow - Welcome to Sketch</h1>\n<p>Sketch autmatically hosts your blogs for you. If you are logged in as a member - then comments can even be posted about each blog post.</p>\";}','2012-07-06 20:13:33','kevin','INDEX,FOLLOW',NULL,NULL,NULL,'2012-07-06',NULL,'blog','published','','','',0,'This is my Post'),
	(58,NULL,NULL,NULL,'a:9:{s:13:\"addpostcoment\";s:13:\"addpostcoment\";s:5:\"token\";s:32:\"72b4d99a760f6514302c0a2c33fbb875\";s:7:\"replyto\";s:0:\"\";s:4:\"name\";s:5:\"kevin\";s:5:\"email\";s:23:\"digitalskill@xtra.co.nz\";s:7:\"website\";s:0:\"\";s:8:\"textarea\";s:5:\"sdfsf\";s:6:\"submit\";s:12:\"Send Message\";s:9:\"member_id\";s:2:\"44\";}','a:9:{s:13:\"addpostcoment\";s:13:\"addpostcoment\";s:5:\"token\";s:32:\"72b4d99a760f6514302c0a2c33fbb875\";s:7:\"replyto\";s:0:\"\";s:4:\"name\";s:5:\"kevin\";s:5:\"email\";s:23:\"digitalskill@xtra.co.nz\";s:7:\"website\";s:0:\"\";s:8:\"textarea\";s:5:\"sdfsf\";s:6:\"submit\";s:12:\"Send Message\";s:9:\"member_id\";s:2:\"44\";}','2012-07-07 11:36:51','localhost','INDEX,FOLLOW',NULL,NULL,NULL,'2012-07-07',NULL,'blog','published','',NULL,NULL,0,NULL),
	(61,NULL,NULL,'Sketch 3 - successful launch','a:5:{s:9:\"plugin_id\";s:1:\"2\";s:10:\"page_image\";s:27:\"sketch-images/art/blog4.jpg\";s:10:\"page_intro\";s:77:\"<p>Thats right - The hottest CMS system on the planet is now at version 3</p>\";s:13:\"leadparagraph\";s:72:\"To much ado - and noise - sketch 3 CMS is now out to the big wide world.\";s:4:\"edit\";s:170:\"<p>Sketch 3 now supports many major features and can scale up to serve content for corportate sites, intranets and more. Why not get your copy today and check it out.</p>\";}','a:5:{s:9:\"plugin_id\";s:1:\"2\";s:10:\"page_image\";s:27:\"sketch-images/art/blog4.jpg\";s:10:\"page_intro\";s:77:\"<p>Thats right - The hottest CMS system on the planet is now at version 3</p>\";s:13:\"leadparagraph\";s:72:\"To much ado - and noise - sketch 3 CMS is now out to the big wide world.\";s:4:\"edit\";s:170:\"<p>Sketch 3 now supports many major features and can scale up to serve content for corportate sites, intranets and more. Why not get your copy today and check it out.</p>\";}','2012-07-07 15:55:15','kevin','INDEX,FOLLOW',NULL,NULL,NULL,'2012-07-07',NULL,'news','published','','','',0,'Sketch 3 is Launched'),
	(63,NULL,NULL,'A member page','a:5:{s:9:\"plugin_id\";s:1:\"2\";s:10:\"page_image\";s:0:\"\";s:10:\"page_intro\";s:0:\"\";s:13:\"leadparagraph\";s:0:\"\";s:4:\"edit\";s:109:\"<p>This is the sketch Membership page.</p>\n<p>These pages appear on the menu once a member has logged in.</p>\";}','a:5:{s:9:\"plugin_id\";s:1:\"2\";s:10:\"page_image\";s:0:\"\";s:10:\"page_intro\";s:0:\"\";s:13:\"leadparagraph\";s:0:\"\";s:4:\"edit\";s:109:\"<p>This is the sketch Membership page.</p>\n<p>These pages appear on the menu once a member has logged in.</p>\";}','2012-07-08 21:01:35','kevin','INDEX,FOLLOW',NULL,NULL,NULL,'2012-07-08',NULL,'general','member','','','',0,'Welcome to the Sketch Membership page'),
	(65,NULL,NULL,'Contact us','a:5:{s:9:\"plugin_id\";s:1:\"2\";s:10:\"page_image\";s:0:\"\";s:10:\"page_intro\";s:0:\"\";s:13:\"leadparagraph\";s:274:\"Lorem ipsum dolor sit amet, consectetur adipiscing elit. Ut quam orci, ornare quis facilisis eget, tincidunt a leo. Integer tincidunt tincidunt aliquet. Cum sociis natoque penatibus et magnis dis parturient montes, nascetur ridiculus mus. Praesent viverra aliquet venenatis.\";s:4:\"edit\";s:209:\"<h4>Head Office</h4>\n<p>Moon Avenue No:11/21 <br /> Planet City, Earth <br /> <br /> <span class=;#;highlight3;#;>Fax:</span> +555 797 534 01 <br /> <span class=;#;highlight3;#;>Tel:</span> +555 636 646 62</p>\";}','a:5:{s:9:\"plugin_id\";s:1:\"2\";s:10:\"page_image\";s:0:\"\";s:10:\"page_intro\";s:0:\"\";s:13:\"leadparagraph\";s:0:\"\";s:4:\"edit\";s:209:\"<h4>Head Office</h4>\n<p>Moon Avenue No:11/21 <br /> Planet City, Earth <br /> <br /> <span class=;#;highlight3;#;>Fax:</span> +555 797 534 01 <br /> <span class=;#;highlight3;#;>Tel:</span> +555 636 646 62</p>\";}','2012-07-11 20:44:16','kevin','INDEX,FOLLOW',NULL,NULL,NULL,'2012-07-08',NULL,'general','published','Contact us','','',0,'Contact us'),
	(66,NULL,NULL,'blue box','a:13:{s:9:\"plugin_id\";s:1:\"2\";s:10:\"page_image\";s:27:\"sketch-images/art/blog1.jpg\";s:10:\"page_intro\";s:22:\"<p>It\'s a blue box</p>\";s:13:\"leadparagraph\";s:0:\"\";s:4:\"edit\";s:59:\"<p>This blue box has been used to hold all things blue.</p>\";s:13:\"product_stock\";s:1:\"1\";s:14:\"product_weight\";s:3:\"0.1\";s:13:\"product_price\";s:5:\"10.00\";s:12:\"product_file\";s:0:\"\";s:13:\"product_color\";s:4:\"blue\";s:12:\"product_size\";s:8:\"xl,l,m,s\";s:12:\"product_code\";s:2:\"bl\";s:11:\"product_sku\";s:5:\"skubl\";}','a:13:{s:9:\"plugin_id\";s:1:\"2\";s:10:\"page_image\";s:27:\"sketch-images/art/blog1.jpg\";s:10:\"page_intro\";s:22:\"<p>It\'s a blue box</p>\";s:13:\"leadparagraph\";s:0:\"\";s:4:\"edit\";s:59:\"<p>This blue box has been used to hold all things blue.</p>\";s:13:\"product_stock\";s:1:\"1\";s:14:\"product_weight\";s:3:\"0.1\";s:13:\"product_price\";s:5:\"10.00\";s:12:\"product_file\";s:0:\"\";s:13:\"product_color\";s:4:\"blue\";s:12:\"product_size\";s:8:\"xl,l,m,s\";s:12:\"product_code\";s:2:\"bl\";s:11:\"product_sku\";s:5:\"skubl\";}','2012-07-10 10:17:03','kevin','INDEX,FOLLOW',NULL,NULL,NULL,'2012-07-08',NULL,'product','published','','','',0,'Blue box'),
	(67,NULL,NULL,'Services','a:5:{s:9:\"plugin_id\";s:1:\"2\";s:10:\"page_image\";s:0:\"\";s:10:\"page_intro\";s:0:\"\";s:13:\"leadparagraph\";s:31:\"Its all \'bout the service baby!\";s:4:\"edit\";s:55:\"<p>Check out the variety of services you can offer.</p>\";}','a:5:{s:9:\"plugin_id\";s:1:\"2\";s:10:\"page_image\";s:0:\"\";s:10:\"page_intro\";s:0:\"\";s:13:\"leadparagraph\";s:31:\"Its all \'bout the service baby!\";s:4:\"edit\";s:55:\"<p>Check out the variety of services you can offer.</p>\";}','2012-07-10 15:32:12','kevin','INDEX,FOLLOW',NULL,NULL,NULL,'2012-07-09',NULL,'general','published','','','',0,'Services'),
	(68,NULL,NULL,'Websites','a:5:{s:9:\"plugin_id\";s:1:\"2\";s:10:\"page_image\";s:0:\"\";s:10:\"page_intro\";s:0:\"\";s:13:\"leadparagraph\";s:0:\"\";s:4:\"edit\";s:76:\"<p>Sketch is for websites. It enables you to get up and running .. FAST!</p>\";}','a:5:{s:9:\"plugin_id\";s:1:\"2\";s:10:\"page_image\";s:0:\"\";s:10:\"page_intro\";s:0:\"\";s:13:\"leadparagraph\";s:0:\"\";s:4:\"edit\";s:76:\"<p>Sketch is for websites. It enables you to get up and running .. FAST!</p>\";}','2012-07-10 15:23:38','kevin','INDEX,FOLLOW',NULL,NULL,NULL,'2012-07-09',NULL,'general','published','','','',0,'Websites'),
	(69,NULL,NULL,'Design','a:5:{s:9:\"plugin_id\";s:1:\"2\";s:10:\"page_image\";s:0:\"\";s:10:\"page_intro\";s:0:\"\";s:13:\"leadparagraph\";s:0:\"\";s:4:\"edit\";s:55:\"<p>If Sketch did graphic design - it would be cool.</p>\";}','a:5:{s:9:\"plugin_id\";s:1:\"2\";s:10:\"page_image\";s:0:\"\";s:10:\"page_intro\";s:0:\"\";s:13:\"leadparagraph\";s:0:\"\";s:4:\"edit\";s:55:\"<p>If Sketch did graphic design - it would be cool.</p>\";}','2012-07-10 15:30:32','kevin','INDEX,FOLLOW',NULL,NULL,NULL,'2012-07-09',NULL,'general','published','','','',0,'Graphic Design'),
	(70,NULL,NULL,'Illustration','a:5:{s:9:\"plugin_id\";s:1:\"2\";s:10:\"page_image\";s:0:\"\";s:10:\"page_intro\";s:0:\"\";s:13:\"leadparagraph\";s:0:\"\";s:4:\"edit\";s:37:\"<p>Illustration and drawing work.</p>\";}','a:5:{s:9:\"plugin_id\";s:1:\"2\";s:10:\"page_image\";s:0:\"\";s:10:\"page_intro\";s:0:\"\";s:13:\"leadparagraph\";s:0:\"\";s:4:\"edit\";s:37:\"<p>Illustration and drawing work.</p>\";}','2012-07-10 15:31:08','kevin','INDEX,FOLLOW',NULL,NULL,NULL,'2012-07-09',NULL,'general','published','','','',0,'Illustration'),
	(71,NULL,NULL,'Photography','a:5:{s:9:\"plugin_id\";s:1:\"2\";s:10:\"page_image\";s:0:\"\";s:10:\"page_intro\";s:0:\"\";s:13:\"leadparagraph\";s:0:\"\";s:4:\"edit\";s:23:\"<p>Photography Page</p>\";}','a:5:{s:9:\"plugin_id\";s:1:\"2\";s:10:\"page_image\";s:0:\"\";s:10:\"page_intro\";s:0:\"\";s:13:\"leadparagraph\";s:0:\"\";s:4:\"edit\";s:23:\"<p>Photography Page</p>\";}','2012-07-10 15:16:51','kevin','INDEX,FOLLOW',NULL,NULL,NULL,'2012-07-09',NULL,'general','published','','','',0,'Photography'),
	(76,NULL,NULL,'Gallery',NULL,NULL,'2012-07-10 19:44:28','kevin','INDEX,FOLLOW',NULL,NULL,NULL,'2012-07-10',NULL,'galleryl','published','','','',0,NULL),
	(77,NULL,NULL,'Web Design one','a:4:{s:9:\"plugin_id\";s:1:\"2\";s:10:\"page_image\";s:24:\"sketch-images/art/g4.jpg\";s:10:\"page_intro\";s:106:\"<p>This is the first image for the gallery or portfolio section of the website. A nice purple image...</p>\";s:4:\"edit\";s:83:\"<p><img src=;#;http://localhost/husko/sketch-images/art/g9.jpg;#; alt=;#;;#; /></p>\";}','a:4:{s:9:\"plugin_id\";s:1:\"2\";s:10:\"page_image\";s:24:\"sketch-images/art/g4.jpg\";s:10:\"page_intro\";s:106:\"<p>This is the first image for the gallery or portfolio section of the website. A nice purple image...</p>\";s:4:\"edit\";s:83:\"<p><img src=;#;http://localhost/husko/sketch-images/art/g9.jpg;#; alt=;#;;#; /></p>\";}','2012-07-11 18:51:31','kevin','INDEX,FOLLOW',NULL,NULL,NULL,'2012-05-10',NULL,'gallery','published','','','',0,'Web Design one'),
	(78,NULL,NULL,'All',NULL,NULL,'2012-07-10 20:20:36','kevin','INDEX,FOLLOW',NULL,NULL,NULL,'2012-07-10',NULL,'galleryl','published','','','',0,NULL),
	(79,NULL,NULL,'Web Design',NULL,'a:5:{s:9:\"plugin_id\";s:1:\"2\";s:10:\"page_image\";s:0:\"\";s:10:\"page_intro\";s:0:\"\";s:13:\"leadparagraph\";s:0:\"\";s:4:\"edit\";s:0:\"\";}','2012-07-10 20:21:02','kevin','INDEX,FOLLOW',NULL,NULL,NULL,'2012-07-10',NULL,'galleryl','published','','','',0,''),
	(80,NULL,NULL,'Video',NULL,NULL,'2012-07-11 13:25:33','kevin','INDEX,FOLLOW',NULL,NULL,NULL,'2012-07-11',NULL,'galleryl','published','','','',0,NULL),
	(81,NULL,NULL,'Video one','a:4:{s:9:\"plugin_id\";s:1:\"2\";s:10:\"page_image\";s:32:\"sketch-images/art/carousel-9.jpg\";s:10:\"page_intro\";s:32:\"<p>This is our video content</p>\";s:4:\"edit\";s:167:\"<p><img src=;#;http://localhost/husko/sketch-images/art/g4.jpg;#; alt=;#;;#; /></p>\n<p><img src=;#;http://localhost/husko/sketch-images/art/g4.jpg;#; alt=;#;;#; /></p>\";}','a:4:{s:9:\"plugin_id\";s:1:\"2\";s:10:\"page_image\";s:32:\"sketch-images/art/carousel-9.jpg\";s:10:\"page_intro\";s:32:\"<p>This is our video content</p>\";s:4:\"edit\";s:167:\"<p><img src=;#;http://localhost/husko/sketch-images/art/g4.jpg;#; alt=;#;;#; /></p>\n<p><img src=;#;http://localhost/husko/sketch-images/art/g4.jpg;#; alt=;#;;#; /></p>\";}','2012-07-11 17:35:38','kevin','INDEX,FOLLOW',NULL,NULL,NULL,'2012-07-11',NULL,'gallery','published','','','',0,'Video one'),
	(82,NULL,NULL,'Web Design Two','a:4:{s:9:\"plugin_id\";s:1:\"2\";s:10:\"page_image\";s:32:\"sketch-images/art/portfolio5.jpg\";s:10:\"page_intro\";s:551:\"<p><span>Nullam nulla sem, dapibus sit amet eleifend nec, ultricies ac diam. Pellentesque habitant morbi tristique senectus et netus et malesuada fames ac turpis egestas. Etiam et ullamcorper sem. In bibendum iaculis egestas. Etiam tortor mauris, aliquam id pulvinar semper, gravida sed eros. Phasellus mollis tristique lobortis. Mauris neque nibh, eleifend ornare consequat id, aliquam vitae tellus. Donec at eros risus, a consequat quam. Cras elementum massa odio. Cras et neque elit. Donec eget quam dignissim nunc tincidunt ullamcorper.</span></p>\";s:4:\"edit\";s:167:\"<p><img src=;#;http://localhost/husko/sketch-images/art/g1.jpg;#; alt=;#;;#; /></p>\n<p><img src=;#;http://localhost/husko/sketch-images/art/g1.jpg;#; alt=;#;;#; /></p>\";}','a:4:{s:9:\"plugin_id\";s:1:\"2\";s:10:\"page_image\";s:32:\"sketch-images/art/portfolio5.jpg\";s:10:\"page_intro\";s:551:\"<p><span>Nullam nulla sem, dapibus sit amet eleifend nec, ultricies ac diam. Pellentesque habitant morbi tristique senectus et netus et malesuada fames ac turpis egestas. Etiam et ullamcorper sem. In bibendum iaculis egestas. Etiam tortor mauris, aliquam id pulvinar semper, gravida sed eros. Phasellus mollis tristique lobortis. Mauris neque nibh, eleifend ornare consequat id, aliquam vitae tellus. Donec at eros risus, a consequat quam. Cras elementum massa odio. Cras et neque elit. Donec eget quam dignissim nunc tincidunt ullamcorper.</span></p>\";s:4:\"edit\";s:167:\"<p><img src=;#;http://localhost/husko/sketch-images/art/g1.jpg;#; alt=;#;;#; /></p>\n<p><img src=;#;http://localhost/husko/sketch-images/art/g1.jpg;#; alt=;#;;#; /></p>\";}','2012-07-11 18:52:04','kevin','INDEX,FOLLOW',NULL,NULL,NULL,'2012-02-11',NULL,'gallery','published','','','',0,'Web Design Two'),
	(83,NULL,NULL,'Illustration',NULL,NULL,'2012-07-11 13:44:21','kevin','INDEX,FOLLOW',NULL,NULL,NULL,'2012-07-11',NULL,'galleryl','published','','','',0,NULL),
	(84,NULL,NULL,'Illustration one','a:4:{s:9:\"plugin_id\";s:1:\"2\";s:10:\"page_image\";s:24:\"sketch-images/art/g2.jpg\";s:10:\"page_intro\";s:551:\"<p><span>Nullam nulla sem, dapibus sit amet eleifend nec, ultricies ac diam. Pellentesque habitant morbi tristique senectus et netus et malesuada fames ac turpis egestas. Etiam et ullamcorper sem. In bibendum iaculis egestas. Etiam tortor mauris, aliquam id pulvinar semper, gravida sed eros. Phasellus mollis tristique lobortis. Mauris neque nibh, eleifend ornare consequat id, aliquam vitae tellus. Donec at eros risus, a consequat quam. Cras elementum massa odio. Cras et neque elit. Donec eget quam dignissim nunc tincidunt ullamcorper.</span></p>\";s:4:\"edit\";s:83:\"<p><img src=;#;http://localhost/husko/sketch-images/art/g9.jpg;#; alt=;#;;#; /></p>\";}','a:4:{s:9:\"plugin_id\";s:1:\"2\";s:10:\"page_image\";s:24:\"sketch-images/art/g2.jpg\";s:10:\"page_intro\";s:551:\"<p><span>Nullam nulla sem, dapibus sit amet eleifend nec, ultricies ac diam. Pellentesque habitant morbi tristique senectus et netus et malesuada fames ac turpis egestas. Etiam et ullamcorper sem. In bibendum iaculis egestas. Etiam tortor mauris, aliquam id pulvinar semper, gravida sed eros. Phasellus mollis tristique lobortis. Mauris neque nibh, eleifend ornare consequat id, aliquam vitae tellus. Donec at eros risus, a consequat quam. Cras elementum massa odio. Cras et neque elit. Donec eget quam dignissim nunc tincidunt ullamcorper.</span></p>\";s:4:\"edit\";s:83:\"<p><img src=;#;http://localhost/husko/sketch-images/art/g9.jpg;#; alt=;#;;#; /></p>\";}','2012-07-11 18:27:38','kevin','INDEX,FOLLOW',NULL,NULL,NULL,'2012-07-11',NULL,'gallery','published','','','',0,'Illustration one'),
	(85,NULL,NULL,'Photography',NULL,NULL,'2012-07-11 13:45:51','kevin','INDEX,FOLLOW',NULL,NULL,NULL,'2012-07-11',NULL,'galleryl','published','','','',0,NULL),
	(86,NULL,NULL,'Photo one','a:4:{s:9:\"plugin_id\";s:1:\"2\";s:10:\"page_image\";s:29:\"sketch-images/art/member1.jpg\";s:10:\"page_intro\";s:377:\"<p><span>Donec luctus, magna scelerisque adipiscing consequat, libero elit vehicula justo, at elementum eros odio ac diam. Vivamus malesuada urna ut turpis lacinia ultrices. Cras sollicitudin elementum urna, et feugiat ante tincidunt at. Vestibulum ornare bibendum ante ut posuere. Duis vitae arcu eget erat accumsan molestie. Nullam ac ante magna, non varius felis.</span></p>\";s:4:\"edit\";s:83:\"<p><img src=;#;http://localhost/husko/sketch-images/art/g1.jpg;#; alt=;#;;#; /></p>\";}','a:4:{s:9:\"plugin_id\";s:1:\"2\";s:10:\"page_image\";s:29:\"sketch-images/art/member1.jpg\";s:10:\"page_intro\";s:377:\"<p><span>Donec luctus, magna scelerisque adipiscing consequat, libero elit vehicula justo, at elementum eros odio ac diam. Vivamus malesuada urna ut turpis lacinia ultrices. Cras sollicitudin elementum urna, et feugiat ante tincidunt at. Vestibulum ornare bibendum ante ut posuere. Duis vitae arcu eget erat accumsan molestie. Nullam ac ante magna, non varius felis.</span></p>\";s:4:\"edit\";s:83:\"<p><img src=;#;http://localhost/husko/sketch-images/art/g1.jpg;#; alt=;#;;#; /></p>\";}','2012-07-11 18:50:53','kevin','INDEX,FOLLOW',NULL,NULL,NULL,'2012-07-11',NULL,'gallery','published','','','',0,'Photo image');
DROP TABLE IF EXISTS `sketch_menu`;
CREATE TABLE `sketch_menu` (
  `sketch_menu_id` int(10) NOT NULL AUTO_INCREMENT,
  `menu_name` varchar(120) NOT NULL,
  `page_id` int(10) NOT NULL,
  `menu_mobile` int(10) NOT NULL DEFAULT '1',
  `menu_guid` varchar(255) DEFAULT NULL,
  `sketch_settings_id` int(10) NOT NULL,
  `menu_order` int(11) DEFAULT NULL,
  `menu_under` int(11) DEFAULT NULL,
  `menu_show` int(11) DEFAULT NULL,
  `menu_class` varchar(80) DEFAULT NULL,
  PRIMARY KEY (`sketch_menu_id`),
  UNIQUE KEY `Index__5` (`menu_guid`,`sketch_settings_id`),
  KEY `page__id` (`page_id`),
  KEY `FK__sketch_menu_3` (`menu_under`),
  KEY `Index__8` (`menu_under`),
  KEY `Index__9` (`menu_show`),
  CONSTRAINT `FK__sketch_menu_1` FOREIGN KEY (`page_id`) REFERENCES `sketch_page` (`page_id`) ON DELETE CASCADE ON UPDATE CASCADE
) ENGINE=InnoDB DEFAULT CHARSET=utf8 ROW_FORMAT=DYNAMIC;
INSERT INTO `sketch_menu` (`sketch_menu_id`, `menu_name`, `page_id`, `menu_mobile`, `menu_guid`, `sketch_settings_id`, `menu_order`, `menu_under`, `menu_show`, `menu_class`)
VALUES
	(1,'Home',1,1,'index',1,1,0,0,'home'),
	(25,'Trash',25,1,'trash',1,7,0,0,'trash'),
	(26,'Search',26,0,'search',1,10,0,0,''),
	(27,'Checkout',27,1,'checkout',1,9,0,0,''),
	(28,'News',28,1,'news',1,4,32,1,''),
	(29,'my new news article',29,1,'news/my-new-news-article',1,2,28,0,''),
	(30,'Products',30,1,'products',1,3,0,1,''),
	(31,'sample product',31,1,'products/sample-product',1,2,30,NULL,NULL),
	(32,'Blogs',32,1,'my-blog',1,4,0,1,''),
	(33,'Sample Blog Entry',33,1,'my-blog/sample-blog-entry',1,2,32,0,''),
	(35,'Membership',35,0,'membership',1,8,32,1,''),
	(43,'New Sample blog',43,1,'my-blog/new-sample-blog',1,3,32,0,''),
	(58,'kevin',58,1,'my-blog/new-sample-blog/kevin120707113651',1,NULL,43,0,NULL),
	(61,'Sketch 3 is launched',61,1,'news/sketch-3-is-launched',1,3,28,0,''),
	(63,'Welcome to Sketch',63,1,'membership/home-page',1,3,35,1,''),
	(65,'Contact',65,1,'contact',1,6,0,1,''),
	(66,'blue box',66,1,'products/blue-box',1,3,30,NULL,NULL),
	(67,'Services',67,1,'services',1,2,0,1,NULL),
	(68,'Websites',68,1,'services/websites',1,2,67,1,'websites'),
	(69,'Graphic Design',69,1,'services/graphic-design',1,3,67,1,'graphic'),
	(70,'Illustration',70,1,'services/illustration',1,4,67,1,'illustration'),
	(71,'Photography',71,1,'services/photography',1,5,67,1,'photography'),
	(76,'Gallery',76,1,'gallery',1,5,0,1,NULL),
	(77,'Web Design one',77,1,'gallery/web-design/web-one',1,2,79,0,''),
	(78,'All',78,1,'gallery/all_##-page_id=76',1,3,76,1,''),
	(79,'Web',79,1,'gallery/web-design',1,4,76,1,''),
	(80,'Video',80,1,'gallery/video',1,4,76,1,NULL),
	(81,'Video one',81,1,'gallery/video/video-one',1,2,80,NULL,NULL),
	(82,'Web Design Two',82,1,'gallery/web-design/web-two',1,3,79,0,''),
	(83,'Illustration',83,1,'gallery/illustration',1,5,76,1,NULL),
	(84,'Illustration one',84,1,'gallery/illustration/illustration-one',1,2,83,NULL,NULL),
	(85,'Photos',85,1,'gallery/photography',1,6,76,1,''),
	(86,'Photo one',86,1,'gallery/photography/photo-one',1,2,85,NULL,NULL);
DROP TABLE IF EXISTS `invoice`;
CREATE TABLE `invoice` (
  `invoice_id` int(11) NOT NULL AUTO_INCREMENT,
  `page_id` int(11) NOT NULL,
  `invoice_details` text,
  `emailed` int(11) DEFAULT NULL,
  `result` varchar(255) DEFAULT NULL,
  `amount` float DEFAULT NULL,
  `invoice_ref` varchar(255) DEFAULT NULL,
  `response_code` varchar(255) DEFAULT NULL,
  `invoice_response` varchar(255) DEFAULT NULL,
  `rrn` varchar(255) DEFAULT NULL,
  `invoice_date` datetime DEFAULT NULL,
  PRIMARY KEY (`invoice_id`),
  KEY `FK__invoice_1` (`page_id`)
) ENGINE=InnoDB DEFAULT CHARSET=utf8;
DROP TABLE IF EXISTS `panel`;
CREATE TABLE `panel` (
  `panel_id` int(10) unsigned NOT NULL AUTO_INCREMENT,
  `panel_content` text COLLATE utf8_unicode_ci NOT NULL,
  `panel_heading` varchar(255) COLLATE utf8_unicode_ci NOT NULL,
  `panel_image` varchar(255) COLLATE utf8_unicode_ci NOT NULL,
  `panel_thumbnail` varchar(55) COLLATE utf8_unicode_ci NOT NULL,
  `panel_link` varchar(255) COLLATE utf8_unicode_ci NOT NULL,
  `panel_type` int(10) unsigned NOT NULL DEFAULT '0',
  PRIMARY KEY (`panel_id`)
) ENGINE=InnoDB DEFAULT CHARSET=utf8 COLLATE=utf8_unicode_ci;
INSERT INTO `panel` (`panel_id`, `panel_content`, `panel_heading`, `panel_image`, `panel_thumbnail`, `panel_link`, `panel_type`)
VALUES
	(1,'<p>This is a sample page Banner with a link</p>','Sample Banner','sketch-images/art/slider-1.jpg','','/index',1),
	(2,'<p>New Banner</p>','New Banner','sketch-images/art/slider-2.jpg','','',1),
	(3,'<p>Automatic listing of your content is now possible with a new feature that allows you to create a single page to list out the content desired</p>','Automatic listing','sketch-images/art/home-1.jpg','','/news',0),
	(4,'<p>Templates now exist that you can update or extend. Create your own template pages, css or javascript items and gian refined control using PHP in your own tempaltes.</p>','Custom Templates','sketch-images/art/home-1.jpg','','',0),
	(5,'<p>Connect to Paypal, DPS or even use online banking options with your cart. Sketch&nbsp;Supports country and a fully fledged e-commerce shopping cart for individual users or members.</p>','E-commerce Built in','sketch-images/art/home-1.jpg','','',0),
	(6,'<p>Create blogs and Forumns on your site. Full options to allow you to monitor your sites traffic and comments.</p>','Forum and Blog support','sketch-images/art/home-4.jpg','','/blog',0),
	(7,'<p>#search#</p>','','','','',0),
	(8,'<p>#popularposts#</p>','Popular Posts','','','',0),
	(9,'<p>#tags#</p>','Tags','','','',0),
	(10,'<p>#popularposts#</p>','Popular News','','','',0),
	(11,'<p>#popularproducts#</p>','Popular Products','','','',0),
	(12,'<p>#twitter#</p>','Twitter Feed','','','',0);
DROP TABLE IF EXISTS `panel_to_page`;
CREATE TABLE `panel_to_page` (
  `panel_to_page_id` int(10) unsigned NOT NULL AUTO_INCREMENT,
  `panel_id` int(10) unsigned NOT NULL,
  `page_id` int(10) unsigned NOT NULL,
  `panel_order` int(10) unsigned NOT NULL,
  PRIMARY KEY (`panel_to_page_id`),
  KEY `FK__panel_to_page_1` (`panel_id`),
  KEY `Index__3` (`page_id`),
  CONSTRAINT `FK__panel_to_page_1` FOREIGN KEY (`panel_id`) REFERENCES `panel` (`panel_id`) ON DELETE NO ACTION ON UPDATE NO ACTION
) ENGINE=InnoDB DEFAULT CHARSET=utf8;
INSERT INTO `panel_to_page` (`panel_to_page_id`, `panel_id`, `page_id`, `panel_order`)
VALUES
	(258,3,1,0),
	(259,5,1,1),
	(260,4,1,2),
	(261,6,1,3),
	(285,1,1,0),
	(286,2,1,1),
	(315,7,28,0),
	(316,10,28,1),
	(317,9,28,2),
	(325,11,27,0),
	(334,11,30,0),
	(335,9,30,1),
	(347,4,68,0),
	(348,3,68,1),
	(349,5,68,2),
	(350,6,68,3),
	(364,7,32,0),
	(365,8,32,1),
	(366,9,32,2),
	(367,12,32,3);
DROP TABLE IF EXISTS `plugin`;
CREATE TABLE `plugin` (
  `plugin_id` int(11) NOT NULL AUTO_INCREMENT,
  `php` int(11) DEFAULT '1',
  `activated` int(11) NOT NULL DEFAULT '0',
  `name` varchar(50) NOT NULL,
  `menu_name` varchar(255) DEFAULT NULL,
  `is_admin` int(11) NOT NULL DEFAULT '0',
  `is_super_admin` int(11) DEFAULT '0',
  `global_location` varchar(25) DEFAULT NULL,
  `admin_order` int(11) DEFAULT NULL,
  `site_order` int(11) DEFAULT NULL,
  `content` longtext,
  `edit` longtext,
  PRIMARY KEY (`plugin_id`),
  UNIQUE KEY `plugin__name` (`name`)
) ENGINE=InnoDB DEFAULT CHARSET=utf8 PACK_KEYS=0 ROW_FORMAT=DYNAMIC;
INSERT INTO `plugin` (`plugin_id`, `php`, `activated`, `name`, `menu_name`, `is_admin`, `is_super_admin`, `global_location`, `admin_order`, `site_order`, `content`, `edit`)
VALUES
	(1,1,1,'menu','menu',0,0,'menu',2,0,NULL,NULL),
	(2,1,1,'pageedit','Page content',0,0,'center',0,0,NULL,NULL),
	(3,1,1,'admin','Admin',1,0,'end',NULL,99999,'a:4:{s:5:\"order\";s:32:\"2:0;1:1;7:2;4:3;8:4;10:5;null:6;\";s:6:\"noshow\";s:0:\"\";s:6:\"update\";s:3:\"yes\";s:4:\"ajax\";s:4:\"ajax\";}','a:4:{s:5:\"order\";s:32:\"2:0;1:1;7:2;4:3;8:4;10:5;null:6;\";s:6:\"noshow\";s:0:\"\";s:6:\"update\";s:3:\"yes\";s:4:\"ajax\";s:4:\"ajax\";}'),
	(4,1,1,'addpage','Add page',1,0,'',1,0,NULL,NULL),
	(6,1,1,'seo','SEO settings',0,0,'meta',0,0,'',''),
	(7,1,1,'images','Assets',1,0,'',3,0,NULL,NULL),
	(8,1,1,'users','Site admins',1,1,'',4,0,NULL,NULL),
	(9,1,1,'adminlogin','adminlogin',0,0,'start',0,3,NULL,NULL),
	(10,1,1,'sitesettings','sketch settings',1,1,'',4,999,'',''),
	(11,1,1,'templates','Page Templates',0,0,'template',NULL,0,'',''),
	(12,1,1,'banner','Banners',0,0,'banner',NULL,0,'a:9:{s:7:\"banners\";s:1:\"4\";s:6:\"effect\";s:5:\"slide\";s:10:\"effectTime\";s:4:\"1000\";s:5:\"delay\";s:4:\"8000\";s:9:\"addbanner\";s:2:\"no\";s:7:\"preview\";s:4:\"edit\";s:10:\"thumbnails\";s:2:\"no\";s:8:\"controls\";s:3:\"yes\";s:10:\"innerclass\";s:0:\"\";}','a:9:{s:7:\"banners\";s:1:\"4\";s:6:\"effect\";s:5:\"slide\";s:10:\"effectTime\";s:4:\"1000\";s:5:\"delay\";s:4:\"8000\";s:9:\"addbanner\";s:2:\"no\";s:7:\"preview\";s:4:\"edit\";s:10:\"thumbnails\";s:2:\"no\";s:8:\"controls\";s:3:\"yes\";s:10:\"innerclass\";s:0:\"\";}'),
	(13,1,1,'addarticle','Add Article',1,0,'',NULL,0,'a:1:{i:0;s:0:\"\";}','a:1:{i:0;s:0:\"\";}'),
	(14,1,1,'addproduct','Add Product',1,0,'',NULL,0,'a:1:{i:0;s:0:\"\";}','a:1:{i:0;s:0:\"\";}'),
	(15,1,1,'panels','Panels',0,0,'sidebar',NULL,0,'a:2:{s:7:\"preview\";s:7:\"approve\";s:8:\"panel_id\";a:4:{i:0;s:1:\"7\";i:1;s:1:\"8\";i:2;s:1:\"9\";i:3;s:2:\"12\";}}','a:2:{s:7:\"preview\";s:7:\"approve\";s:8:\"panel_id\";a:4:{i:0;s:1:\"7\";i:1;s:1:\"8\";i:2;s:1:\"9\";i:3;s:2:\"12\";}}'),
	(16,1,1,'tracking','Tracking',0,0,'start',NULL,0,'a:2:{s:7:\"favicon\";s:0:\"\";s:9:\"appleicon\";s:0:\"\";}','a:2:{s:7:\"favicon\";s:0:\"\";s:9:\"appleicon\";s:0:\"\";}'),
	(18,1,1,'pagetags','Page tags',0,0,'center',NULL,0,'a:1:{i:0;s:0:\"\";}','a:1:{i:0;s:0:\"\";}'),
	(20,1,1,'analytics','Analytics',0,0,'script',NULL,0,'a:1:{s:7:\"tracker\";s:0:\"\";}','a:1:{s:7:\"tracker\";s:0:\"\";}'),
	(21,1,1,'social','Social',0,0,'meta',NULL,0,'a:14:{s:20:\"TWITTER_CONSUMER_KEY\";s:22:\"Byx0y6Ji64zp3Auz2ipYsQ\";s:23:\"TWITTER_CONSUMER_SECRET\";s:43:\"nmMoJhmwRKhpoj4NgsYshv4utYborzghZTQPBVLD74Q\";s:11:\"oauth_token\";s:0:\"\";s:18:\"oauth_token_secret\";s:0:\"\";s:10:\"PastTweats\";a:0:{}s:5:\"APPID\";s:15:\"395686310487492\";s:6:\"Secret\";s:32:\"012866c16b926ad7e7d7f1ec3fd8edea\";s:14:\"linked_API_Key\";s:12:\"wd7neeteaq1a\";s:17:\"linked_Secret_Key\";s:16:\"LLwPwojpiV0T8jC5\";s:7:\"preview\";s:4:\"edit\";s:6:\"tag_id\";a:7:{i:0;s:1:\"1\";i:1;s:1:\"2\";i:2;s:0:\"\";i:3;s:0:\"\";i:4;s:0:\"\";i:5;s:0:\"\";i:6;s:0:\"\";}s:8:\"tag_name\";a:7:{i:0;s:8:\"og:title\";i:1;s:8:\"og:title\";i:2;s:8:\"og:title\";i:3;s:8:\"og:title\";i:4;s:8:\"og:title\";i:5;s:8:\"og:title\";i:6;s:8:\"og:title\";}s:11:\"tag_content\";a:7:{i:0;s:0:\"\";i:1;s:0:\"\";i:2;s:0:\"\";i:3;s:0:\"\";i:4;s:0:\"\";i:5;s:0:\"\";i:6;s:0:\"\";}s:6:\"liconn\";s:6:\"noconn\";}','a:14:{s:20:\"TWITTER_CONSUMER_KEY\";s:22:\"Byx0y6Ji64zp3Auz2ipYsQ\";s:23:\"TWITTER_CONSUMER_SECRET\";s:43:\"nmMoJhmwRKhpoj4NgsYshv4utYborzghZTQPBVLD74Q\";s:11:\"oauth_token\";s:0:\"\";s:18:\"oauth_token_secret\";s:0:\"\";s:10:\"PastTweats\";a:0:{}s:5:\"APPID\";s:15:\"395686310487492\";s:6:\"Secret\";s:32:\"012866c16b926ad7e7d7f1ec3fd8edea\";s:14:\"linked_API_Key\";s:12:\"wd7neeteaq1a\";s:17:\"linked_Secret_Key\";s:16:\"LLwPwojpiV0T8jC5\";s:7:\"preview\";s:4:\"edit\";s:6:\"tag_id\";a:7:{i:0;s:1:\"1\";i:1;s:1:\"2\";i:2;s:0:\"\";i:3;s:0:\"\";i:4;s:0:\"\";i:5;s:0:\"\";i:6;s:0:\"\";}s:8:\"tag_name\";a:7:{i:0;s:8:\"og:title\";i:1;s:8:\"og:title\";i:2;s:8:\"og:title\";i:3;s:8:\"og:title\";i:4;s:8:\"og:title\";i:5;s:8:\"og:title\";i:6;s:8:\"og:title\";}s:11:\"tag_content\";a:7:{i:0;s:0:\"\";i:1;s:0:\"\";i:2;s:0:\"\";i:3;s:0:\"\";i:4;s:0:\"\";i:5;s:0:\"\";i:6;s:0:\"\";}s:6:\"liconn\";s:6:\"noconn\";}'),
	(22,1,1,'search','Search',0,0,'search',NULL,0,'a:1:{i:0;s:0:\"\";}','a:1:{i:0;s:0:\"\";}'),
	(23,1,1,'autolist','Auto Listing',0,0,'center',NULL,2,'a:0:{}','a:0:{}'),
	(24,1,1,'shoppingcart','E-Commerce',0,0,'center',NULL,2,'a:21:{s:7:\"preview\";s:4:\"edit\";s:12:\"checkoutpage\";s:8:\"checkout\";s:5:\"terms\";s:0:\"\";s:7:\"members\";s:0:\"\";s:8:\"currency\";s:3:\"NZD\";s:3:\"gst\";s:4:\"0.15\";s:13:\"email_address\";s:17:\"kevin@flaxpod.com\";s:10:\"email_from\";s:17:\"kevin@flaxpod.com\";s:9:\"countries\";s:16:\"New Zealand:9.95\";s:13:\"onlinebanking\";s:3:\"yes\";s:7:\"cctypes\";s:6:\"paypal\";s:6:\"vpcURL\";s:47:\"https://sec.paymentexpress.com/pxpay/pxpay.aspx\";s:12:\"vpc_Merchant\";s:0:\"\";s:13:\"secure_secret\";s:0:\"\";s:10:\"ordertitle\";s:0:\"\";s:9:\"paypalURL\";s:66:\"https://www.sandbox.paypal.com/webscr_##-cmd=_express-checkout&token=\";s:14:\"payPalUsername\";s:37:\"kevin_1304147942_biz_api1.flaxpod.com\";s:14:\"payPalPassword\";s:10:\"1304147962\";s:18:\"payPalCurrencyCode\";s:3:\"NZD\";s:15:\"payPalSignature\";s:56:\"AaY7yetVuDJi1dThcSBgoFBwUGdxA6u00tTzFMwMOrCJsoJLeGNJFHWG\";s:10:\"payPalLive\";s:2:\"no\";}','a:21:{s:7:\"preview\";s:4:\"edit\";s:12:\"checkoutpage\";s:8:\"checkout\";s:5:\"terms\";s:0:\"\";s:7:\"members\";s:0:\"\";s:8:\"currency\";s:3:\"NZD\";s:3:\"gst\";s:4:\"0.15\";s:13:\"email_address\";s:17:\"kevin@flaxpod.com\";s:10:\"email_from\";s:17:\"kevin@flaxpod.com\";s:9:\"countries\";s:16:\"New Zealand:9.95\";s:13:\"onlinebanking\";s:3:\"yes\";s:7:\"cctypes\";s:6:\"paypal\";s:6:\"vpcURL\";s:47:\"https://sec.paymentexpress.com/pxpay/pxpay.aspx\";s:12:\"vpc_Merchant\";s:0:\"\";s:13:\"secure_secret\";s:0:\"\";s:10:\"ordertitle\";s:0:\"\";s:9:\"paypalURL\";s:66:\"https://www.sandbox.paypal.com/webscr_##-cmd=_express-checkout&token=\";s:14:\"payPalUsername\";s:37:\"kevin_1304147942_biz_api1.flaxpod.com\";s:14:\"payPalPassword\";s:10:\"1304147962\";s:18:\"payPalCurrencyCode\";s:3:\"NZD\";s:15:\"payPalSignature\";s:56:\"AaY7yetVuDJi1dThcSBgoFBwUGdxA6u00tTzFMwMOrCJsoJLeGNJFHWG\";s:10:\"payPalLive\";s:2:\"no\";}'),
	(25,1,1,'member','Member',0,0,'center',NULL,0,'a:8:{s:7:\"preview\";s:4:\"edit\";s:7:\"emailto\";s:28:\"youremailgoeshere@sketch.com\";s:9:\"loginform\";s:0:\"\";s:10:\"detailform\";s:0:\"\";s:9:\"resetform\";s:0:\"\";s:10:\"successreg\";s:2:\"35\";s:8:\"redirect\";s:2:\"63\";s:10:\"memberpage\";s:2:\"35\";}','a:8:{s:7:\"preview\";s:4:\"edit\";s:7:\"emailto\";s:28:\"youremailgoeshere@sketch.com\";s:9:\"loginform\";s:0:\"\";s:10:\"detailform\";s:0:\"\";s:9:\"resetform\";s:0:\"\";s:10:\"successreg\";s:2:\"35\";s:8:\"redirect\";s:2:\"63\";s:10:\"memberpage\";s:2:\"35\";}'),
	(26,1,1,'addblog','Add Blog',1,0,'',NULL,0,'a:1:{i:0;s:0:\"\";}','a:1:{i:0;s:0:\"\";}'),
	(28,1,1,'twitter','Social Icons',0,0,'twitter',NULL,1,'a:9:{s:7:\"preview\";s:4:\"edit\";s:11:\"screen_name\";s:15:\"sketchdevelopme\";s:6:\"amount\";s:1:\"5\";s:13:\"facebook_name\";s:0:\"\";s:12:\"dribble_name\";s:0:\"\";s:11:\"tumblr_name\";s:0:\"\";s:12:\"flicker_name\";s:0:\"\";s:10:\"PastTweats\";a:1:{i:0;O:8:\"stdClass\":20:{s:10:\"created_at\";s:30:\"Wed Jul 04 02:07:23 +0000 2012\";s:2:\"id\";d:220337983394553856;s:6:\"id_str\";s:18:\"220337983394553858\";s:4:\"text\";s:29:\"welcome to sketch devleopment\";s:6:\"source\";s:3:\"web\";s:9:\"truncated\";b:0;s:21:\"in_reply_to_status_id\";N;s:25:\"in_reply_to_status_id_str\";N;s:19:\"in_reply_to_user_id\";N;s:23:\"in_reply_to_user_id_str\";N;s:23:\"in_reply_to_screen_name\";N;s:4:\"user\";O:8:\"stdClass\":38:{s:2:\"id\";i:626075065;s:6:\"id_str\";s:9:\"626075065\";s:4:\"name\";s:12:\"Kevin Dibble\";s:11:\"screen_name\";s:15:\"sketchdevelopme\";s:8:\"location\";s:0:\"\";s:11:\"description\";s:32:\"Sketch Development PHP framework\";s:3:\"url\";N;s:9:\"protected\";b:0;s:15:\"followers_count\";i:0;s:13:\"friends_count\";i:0;s:12:\"listed_count\";i:0;s:10:\"created_at\";s:30:\"Wed Jul 04 02:06:24 +0000 2012\";s:16:\"favourites_count\";i:0;s:10:\"utc_offset\";N;s:9:\"time_zone\";N;s:11:\"geo_enabled\";b:0;s:8:\"verified\";b:0;s:14:\"statuses_count\";i:1;s:4:\"lang\";s:2:\"en\";s:20:\"contributors_enabled\";b:0;s:13:\"is_translator\";b:0;s:24:\"profile_background_color\";s:6:\"C0DEED\";s:28:\"profile_background_image_url\";s:47:\"http://a0.twimg.com/images/themes/theme1/bg.png\";s:34:\"profile_background_image_url_https\";s:49:\"https://si0.twimg.com/images/themes/theme1/bg.png\";s:23:\"profile_background_tile\";b:0;s:17:\"profile_image_url\";s:78:\"http://a0.twimg.com/sticky/default_profile_images/default_profile_0_normal.png\";s:23:\"profile_image_url_https\";s:80:\"https://si0.twimg.com/sticky/default_profile_images/default_profile_0_normal.png\";s:18:\"profile_link_color\";s:6:\"0084B4\";s:28:\"profile_sidebar_border_color\";s:6:\"C0DEED\";s:26:\"profile_sidebar_fill_color\";s:6:\"DDEEF6\";s:18:\"profile_text_color\";s:6:\"333333\";s:28:\"profile_use_background_image\";b:1;s:21:\"show_all_inline_media\";b:0;s:15:\"default_profile\";b:1;s:21:\"default_profile_image\";b:1;s:9:\"following\";N;s:19:\"follow_request_sent\";N;s:13:\"notifications\";N;}s:3:\"geo\";N;s:11:\"coordinates\";N;s:5:\"place\";N;s:12:\"contributors\";N;s:13:\"retweet_count\";i:0;s:8:\"entities\";O:8:\"stdClass\":3:{s:8:\"hashtags\";a:0:{}s:4:\"urls\";a:0:{}s:13:\"user_mentions\";a:0:{}}s:9:\"favorited\";b:0;s:9:\"retweeted\";b:0;}}s:22:\"last_fetchedPastTweats\";s:10:\"1342247785\";}','a:9:{s:7:\"preview\";s:4:\"edit\";s:11:\"screen_name\";s:15:\"sketchdevelopme\";s:6:\"amount\";s:1:\"5\";s:13:\"facebook_name\";s:0:\"\";s:12:\"dribble_name\";s:0:\"\";s:11:\"tumblr_name\";s:0:\"\";s:12:\"flicker_name\";s:0:\"\";s:10:\"PastTweats\";a:1:{i:0;O:8:\"stdClass\":20:{s:10:\"created_at\";s:30:\"Wed Jul 04 02:07:23 +0000 2012\";s:2:\"id\";d:220337983394553856;s:6:\"id_str\";s:18:\"220337983394553858\";s:4:\"text\";s:29:\"welcome to sketch devleopment\";s:6:\"source\";s:3:\"web\";s:9:\"truncated\";b:0;s:21:\"in_reply_to_status_id\";N;s:25:\"in_reply_to_status_id_str\";N;s:19:\"in_reply_to_user_id\";N;s:23:\"in_reply_to_user_id_str\";N;s:23:\"in_reply_to_screen_name\";N;s:4:\"user\";O:8:\"stdClass\":38:{s:2:\"id\";i:626075065;s:6:\"id_str\";s:9:\"626075065\";s:4:\"name\";s:12:\"Kevin Dibble\";s:11:\"screen_name\";s:15:\"sketchdevelopme\";s:8:\"location\";s:0:\"\";s:11:\"description\";s:32:\"Sketch Development PHP framework\";s:3:\"url\";N;s:9:\"protected\";b:0;s:15:\"followers_count\";i:0;s:13:\"friends_count\";i:0;s:12:\"listed_count\";i:0;s:10:\"created_at\";s:30:\"Wed Jul 04 02:06:24 +0000 2012\";s:16:\"favourites_count\";i:0;s:10:\"utc_offset\";N;s:9:\"time_zone\";N;s:11:\"geo_enabled\";b:0;s:8:\"verified\";b:0;s:14:\"statuses_count\";i:1;s:4:\"lang\";s:2:\"en\";s:20:\"contributors_enabled\";b:0;s:13:\"is_translator\";b:0;s:24:\"profile_background_color\";s:6:\"C0DEED\";s:28:\"profile_background_image_url\";s:47:\"http://a0.twimg.com/images/themes/theme1/bg.png\";s:34:\"profile_background_image_url_https\";s:49:\"https://si0.twimg.com/images/themes/theme1/bg.png\";s:23:\"profile_background_tile\";b:0;s:17:\"profile_image_url\";s:78:\"http://a0.twimg.com/sticky/default_profile_images/default_profile_0_normal.png\";s:23:\"profile_image_url_https\";s:80:\"https://si0.twimg.com/sticky/default_profile_images/default_profile_0_normal.png\";s:18:\"profile_link_color\";s:6:\"0084B4\";s:28:\"profile_sidebar_border_color\";s:6:\"C0DEED\";s:26:\"profile_sidebar_fill_color\";s:6:\"DDEEF6\";s:18:\"profile_text_color\";s:6:\"333333\";s:28:\"profile_use_background_image\";b:1;s:21:\"show_all_inline_media\";b:0;s:15:\"default_profile\";b:1;s:21:\"default_profile_image\";b:1;s:9:\"following\";N;s:19:\"follow_request_sent\";N;s:13:\"notifications\";N;}s:3:\"geo\";N;s:11:\"coordinates\";N;s:5:\"place\";N;s:12:\"contributors\";N;s:13:\"retweet_count\";i:0;s:8:\"entities\";O:8:\"stdClass\":3:{s:8:\"hashtags\";a:0:{}s:4:\"urls\";a:0:{}s:13:\"user_mentions\";a:0:{}}s:9:\"favorited\";b:0;s:9:\"retweeted\";b:0;}}s:22:\"last_fetchedPastTweats\";s:10:\"1342247785\";}'),
	(29,1,1,'addportfolio','Add Gallery Image',1,0,'',NULL,0,'a:1:{i:0;s:0:\"\";}','a:1:{i:0;s:0:\"\";}');
CREATE TABLE `sketch_views` (
  `view_id` int(11) unsigned NOT NULL AUTO_INCREMENT,
  `dateviewed` date DEFAULT NULL,
  `viewcount` int(11) DEFAULT '0',
  `page_id` int(11) DEFAULT NULL,
  PRIMARY KEY (`view_id`)
) ENGINE=InnoDB DEFAULT CHARSET=utf8;
DROP TABLE IF EXISTS `tag`;
CREATE TABLE `tag` (
  `tag_id` int(11) NOT NULL AUTO_INCREMENT,
  `page_id` int(11) NOT NULL,
  `tag_content` text,
  `tag_name` varchar(50) DEFAULT NULL,
  `display_tag` int(11) DEFAULT NULL,
  PRIMARY KEY (`tag_id`),
  KEY `index__page_id` (`page_id`),
  CONSTRAINT `wwdb__tag_ibfk_1` FOREIGN KEY (`page_id`) REFERENCES `sketch_page` (`page_id`) ON DELETE NO ACTION ON UPDATE NO ACTION
) ENGINE=InnoDB DEFAULT CHARSET=utf8;
INSERT INTO `tag` (`tag_id`, `page_id`, `tag_content`, `tag_name`, `display_tag`)
VALUES
	(1,33,NULL,'websites',NULL),
	(3,33,NULL,'design',NULL),
	(4,29,NULL,'news',NULL),
	(5,30,NULL,'boxes',NULL),
	(6,30,NULL,'blue',NULL),
	(7,31,NULL,'samples',NULL),
	(8,66,NULL,'boxes',NULL),
	(9,66,NULL,'blue',NULL);
DROP TABLE IF EXISTS `template`;
CREATE TABLE `template` (
  `template_id` int(11) unsigned NOT NULL AUTO_INCREMENT,
  `template_content` longtext,
  `template_type` varchar(150) DEFAULT 'page',
  `template_name` varchar(150) DEFAULT NULL,
  PRIMARY KEY (`template_id`)
) ENGINE=InnoDB DEFAULT CHARSET=utf8;
INSERT INTO `template` (`template_id`, `template_content`, `template_type`, `template_name`)
VALUES
	(2,'<!doctype html>\n<!--[if lt IE 7]> <html class=\"ie6 oldie no-js\"> <![endif]-->\n<!--[if IE 7]>    <html class=\"ie7 oldie no-js\"> <![endif]-->\n<!--[if IE 8]>    <html class=\"ie8 oldie no-js\"> <![endif]-->\n<!--[if IE 9 ]>   <html lang=\"en\" class=\"no-js ie9\"> <![endif]-->\n<!--[if (gt IE 9)|!(IE)]><!-->\n<html lang=\"en\" class=\"no-js\">\n<!--<![endif]-->\n<head>\n<meta charset=\"UTF-8\">\n<meta name=\"viewport\" content=\"\">\n<title>\nphpstart \n// - SKETCH TO OUTPUT PAGE TITLE\n	echo strip_tags(sketch(\"page_title\")); \n// - END OUTOPUT OF PAGE TITLE\nendphp\n</title>\nphpstart \n// LOAD STYLES AND SCRIPTS IN DREAMWEAVER \nif(false){ endphp\n<link href=\"styles/boilerplate.css\" rel=\"stylesheet\" type=\"text/css\">\n<link href=\"styles/grid.css\" rel=\"stylesheet\" type=\"text/css\">\n<link href=\"styles/main.css\" rel=\"stylesheet\" type=\"text/css\">\n<link href=\"styles/stickyfooter.css\" rel=\"stylesheet\" type=\"text/css\">\nphpstart } \n// END LOADING STYLES AND SCRIPTS FOR DREAMWEAVER\n\n// - SKETCH LOADING OF HANDLERS\n	plugins(\'meta\'); 		// META TAGS 	\n	getStylePath(); 		// CSS Styles \n	getScriptPath(); 		// mootools 	\n	plugins(\'script\'); 		// Load Script based plugins \n// - END SKETCH LOADING OF HANDLERS\nendphp\n</head>\n<body class=\"phpstart echo sketch(\"page_type\"); endphp\">\nphpstart \n// - SKETCH  GET START PLUGINS AND SCRIPTS\n	plugins(\"start\"); \n// - END SKETCH LOADING \'START\' PLUGINS\nendphp\n<div class=\"wrapper\">\n<div class=\"gridContainer clearfix\">\n  	<div id=\"topNav\">\n    	<div id=\"logo\"><a href=\"phpstart echo urlPath(); endphp\"><img src=\"/sketch-images/logo.png\" alt=\"Sketch\" /></a></div>\n    	<div id=\"menu\" class=\"menu noclass\">\n      phpstart \n		// - SKETCH GET MENU\n		plugin(\"menu\"); \n		// - END GET MENU\n		// FOR DREAMWEAVER - DO NOT REMOVE\n		if(false){ \n			endphp\n      phpstart\n			include \"../../sketch-system/helpers/outputs/menu.php\";\n			endphp\n      phpstart\n		}\n		endphp\n    	</div><!-- end id menu		//-->\n  	</div><!-- end id topNav 		//-->\n		phpstart \n  		// - SKETCH BANNER PLUGIN\n  		plugin(\"banner\"); \n		// - END GET SKETCH BANNER\n		if(false){ \n			endphp\n      phpstart\n			include \"../../sketch-system/helpers/outputs/banner.php\";\n			endphp\n      phpstart\n		}\n		endphp\n		<div id=\"content\">\n  		phpstart\n              switch (sketch(\"page_type\")){\n                  case \"blogl\":\n                  case \"blog\":\n                  case \"news\":\n                  case \"product\":\n                  case \"any\":\n                  case \"checkout\":\n                  case \"productl\":\n				  case \"article\":\n				  case \"listing\":\n                     endphp\n                  	<div id=\"postwrap\">\n					phpstart \n						echo sketch(\"page_type\")==\"checkout\" _##- \'<div class=\"post\">\' : \'\';\n						plugins(\"center\");\n						echo sketch(\"page_type\")==\"checkout\" _##- \'</div>\' : \'\';\n					endphp\n                    \n                    </div>\n                  	<div id=\"sidebar\">\n					phpstart \n                        filter(\'shoppingcart\'); \n                        plugins(\"sidebar\"); \n                    	endphp\n                  </div>\n                  phpstart\n				break;\n				case \"landing\":\n                    endphp\n                  <div id=\"landing\">\n                    <div class=\"intro\">\n                    phpstart plugins(\"center\"); endphp\n                    </div>\n                  </div>\n\n                  <div id=\"boxes\" class=\"about\">\n                    phpstart plugins(\'sidebar\'); endphp\n                  </div>\n  				phpstart\n				break;\n				case \"galleryl\":\n                    endphp\n  					<div id=\"gallerynav\">\n					phpstart \n                         sidenav(array(\'class\'=>\'gallerynav\',\'id\'=>\"\",\'doTop\'=>false,\"page_id\"=>sketch(\"page_id\")));  \n                    endphp\n  					</div>\n                    <div id=\"gallerygrid\">\n					phpstart\n						 plugins(\"center\"); \n					endphp\n                    </div>\n                    phpstart\n                    break;\n                    case \"gallery\":\n						 plugins(\"center\");\n                    break;\n                    default:\n                    endphp\n  					<div id=\"sidenav\">\n						phpstart sidenav();  endphp\n                    </div> <!-- 		end id sidenav				//-->\n					<div id=\"rightcontent\">\n                    	<div class=\"tab-content\">\n                    	phpstart plugins(\"center\"); endphp\n                    	</div> <!-- 	end tab-content class 		//-->\n                    </div> <!-- 		end id rightcontent 		//-->\n  					<div id=\"boxes\" class=\"about\">\n    				phpstart plugins(\'sidebar\'); endphp\n  					</div><!-- 			end id boxes				//-->\n  					phpstart\n                    break;\n              } endphp\n	</div>\n</div>\n<div class=\"push\"></div>\n</div>\n<div class=\"footer\">\n<div id=\"footer\">\n  <div id=\"footerLeft\">\n    <p class=\"copyright\">&copy; Sketch Development 2010-2012 | Sketch Version phpstart echo getSettings(\"version\");endphp<br />Theme from <a href=\"http://elemisfreebies.com/04/14/delphic-free-html-template/\">elemisfreebies</a></p>\n  </div><!--							end id footerLeft		//-->\n  <div id=\"footerRight\">\nphpstart \n  	// - SKETCH GET SOCIAL ICONS\n	filter(\"twitter\",array(\"links\"=>true));\n	// - END SKETCH GET SOCIAL ICONS\nendphp\n  </div> <!-- 							end id footerRight 		//-->\n</div>	 <!--							end if footer			//-->							\n</div>\nphpstart \n	// - SKETCH GET END PLUGINS\n	plugins(\"end\"); \n	// - END SKETCH LOADING \'END\' PLUGINS\nendphp\n</body>\n</html>','page','Master Template'),
	(3,'phpstart \n    $error = \"\";\n    helper(\"email\");\n    // EMAIL FORM\n    $to = \"youremailaddress\"; // PUT YOUR EMAIL ADDRESS HERE;\nif($to != \"youremailaddress\"){\n    if(isset($_POST[\'security\'])){\n            if($_POST[\'name\'] != \'\' && $_POST[\'email\'] != \'\' && $_SESSION[\'image_random_value\']==md5($_POST[\'security\'])){\n                  $error =  email($_POST[\'email\'],$to,\'Contact us form submission\',$_POST);\n                if($error==\"success\"){\n                    $error= \'<div class=\"info\">Thank you for sending in your comments - we appreciate all feedback.</div>\n                        <script type=\"text/javascript\">$(\"ajax-contact-form\").setStyle(\"display\",\"none\");</script>\';\n                        unset($_SESSION[\'image_random_value\']); // STOP FUTURE SUBMITS\n                }\n            }else{\n                $error = \'<div class=\"notice\">Please fill in all fields and match the security number</div>\';\n            }\n        if(isset($_REQUEST[\'ajax\'])){\n            die($error);\n        }\n    }\n}else{\n if(isset($_REQUEST[\'ajax\'])){\n            $error = \'<div class=\"alert\">I would like to email<br/>\n                    So can the site admin please put your an address in the <strong>$to</strong> field in the contact us template</div>\';\n            die($error);\n        }\n}\nendphp\n<!doctype html>\n<!--[if lt IE 7]> <html class=\"ie6 oldie no-js\"> <![endif]-->\n<!--[if IE 7]>    <html class=\"ie7 oldie no-js\"> <![endif]-->\n<!--[if IE 8]>    <html class=\"ie8 oldie no-js\"> <![endif]-->\n<!--[if IE 9 ]>   <html lang=\"en\" class=\"no-js ie9\"> <![endif]-->\n<!--[if (gt IE 9)|!(IE)]><!-->\n<html lang=\"en\" class=\"no-js\">\n<!--<![endif]-->\n<head>\n<meta charset=\"UTF-8\">\n<meta name=\"viewport\" content=\"\">\n<title>\nphpstart \n// - SKETCH TO OUTPUT PAGE TITLE\n	echo strip_tags(sketch(\"page_title\")); \n// - END OUTOPUT OF PAGE TITLE\nendphp\n</title>\nphpstart \n// LOAD STYLES AND SCRIPTS IN DREAMWEAVER \nif(false){ endphp\n<link href=\"styles/boilerplate.css\" rel=\"stylesheet\" type=\"text/css\">\n<link href=\"styles/grid.css\" rel=\"stylesheet\" type=\"text/css\">\n<link href=\"styles/main.css\" rel=\"stylesheet\" type=\"text/css\">\n<link href=\"styles/stickyfooter.css\" rel=\"stylesheet\" type=\"text/css\">\nphpstart } \n// END LOADING STYLES AND SCRIPTS FOR DREAMWEAVER\n\n// - SKETCH LOADING OF HANDLERS\n	plugins(\'meta\'); 		// META TAGS 	\n	getStylePath(); 		// CSS Styles \n	getScriptPath(); 		// mootools 	\n	plugins(\'script\'); 		// Load Script based plugins \n// - END SKETCH LOADING OF HANDLERS\n\nif($to==\"youremailaddress\"){\n    endphp\n<script type=\"text/javascript\">\n    alert(\"please input your email address in the contact us template\");\n</script>\nphpstart\n}\nendphp\n</head>\n<body class=\"phpstart echo sketch(\"page_type\"); endphp\">\nphpstart \n// - SKETCH  GET START PLUGINS AND SCRIPTS\n	plugins(\"start\"); \n// - END SKETCH LOADING \'START\' PLUGINS\nendphp\n<div class=\"wrapper\">\n<div class=\"gridContainer clearfix\">\n  	<div id=\"topNav\">\n    	<div id=\"logo\"><a href=\"phpstart echo urlPath(); endphp\"><img src=\"/sketch-images/logo.png\" alt=\"Sketch\" /></a></div>\n    	<div id=\"menu\" class=\"menu noclass\">\n      phpstart \n		// - SKETCH GET MENU\n		plugin(\"menu\"); \n		// - END GET MENU\n		// FOR DREAMWEAVER - DO NOT REMOVE\n		if(false){ \n			endphp\n      phpstart\n			include \"../../sketch-system/helpers/outputs/menu.php\";\n			endphp\n      phpstart\n		}\n		endphp\n    	</div><!-- end id menu		//-->\n  	</div><!-- end id topNav 		//-->\n		phpstart \n  		// - SKETCH BANNER PLUGIN\n  		plugin(\"banner\"); \n		// - END GET SKETCH BANNER\n		if(false){ \n			endphp\n      phpstart\n			include \"../../sketch-system/helpers/outputs/banner.php\";\n			endphp\n      phpstart\n		}\n		endphp\n		<div id=\"content\">\n  		phpstart\n              switch (sketch(\"page_type\")){\n                  case \"blogl\":\n                  case \"blog\":\n                  case \"news\":\n                  case \"product\":\n                  case \"any\":\n                  case \"checkout\":\n                  case \"productl\":\n				  case \"article\":\n				  case \"listing\":\n                     endphp\n                  	<div id=\"postwrap\">\n					phpstart \n						echo sketch(\"page_type\")==\"checkout\" _##- \'<div class=\"post\">\' : \'\';\n						plugins(\"center\");\n						echo sketch(\"page_type\")==\"checkout\" _##- \'</div>\' : \'\';\n					endphp\n                    \n                    </div>\n                  	<div id=\"sidebar\">\n					phpstart \n                        filter(\'shoppingcart\'); \n                        plugins(\"sidebar\"); \n                    	endphp\n                  </div>\n                  phpstart\n				break;\n				case \"landing\":\n                    endphp\n                  <div id=\"landing\">\n                    <div class=\"intro\">\n                    phpstart plugins(\"center\"); endphp\n                    </div>\n                  </div>\n\n                  <div id=\"boxes\" class=\"about\">\n                    phpstart plugins(\'sidebar\'); endphp\n                  </div>\n  				phpstart\n				break;\n				case \"galleryl\":\n                    endphp\n  					<div id=\"gallerynav\">\n					phpstart \n                         sidenav(array(\'id\'=>\"\",\'doTop\'=>false,\"page_id\"=>sketch(\"page_id\")));  \n                    endphp\n  					</div>\n                    <div id=\"gallerygrid\">\n					phpstart\n						 plugins(\"center\"); \n					endphp\n                    </div>\n                    phpstart\n                    break;\n                    case \"gallery\":\n						 plugins(\"center\");\n                    break;\n                    default:\n                    endphp\n  					<div id=\"sidenav\">\n						phpstart sidenav(array(\'id\'=>\"tab-menu\",\'doTop\'=>true,\"page_id\"=>sketch(\"page_id\")));  endphp\n                    </div> <!-- 		end id sidenav				//-->\n					<div id=\"rightcontent\">\n                    	<div class=\"tab-content\">\n                    	phpstart plugins(\"center\"); endphp\n\n                        <div id=\"contact-form\" style=\"width:100%\"> \n<div id=\"note\">phpstart echo $error; endphp</div>\n<form id=\"ajax-contact-form\" method=\"post\" class=\"required ajax:true output:\'note\'\" action=\"phpstart echo urlPath(sketch(\"menu_guid\")); endphp\">\n<ul class=\"forms\">\n<li>\n<label for=\"name\" id=\'lblname\'>Name</label>\n<input class=\"required label:\'lblname\'\" type=\"text\" name=\"name\" id=\"name\" value=\"\" style=\"width:90%\">\n</li>\n<li>\n<label for=\"email\" id=\'lblemail\'>E-Mail</label>\n<input class=\"required label:\'lblemail\'\" type=\"text\" name=\"email\" id=\"email\" value=\"\" style=\"width:90%\">\n</li>\n<li>\n<label for=\"message\">Please give us your feedback</label>\n<textarea class=\"textbox\" name=\"message\" rows=\"6\" cols=\"30\" style=\"width:90%\"></textarea>\n</li>\n<li>\nphpstart captcha(); endphp\n<label for=\"security\" id=\'securlbl\' style=\"width:90%\">Please enter the characters above</label>\n<input type=\"text\" name=\"security\" class=\"required label:\'securlbl\'\" style=\"width:90%\"/>\n</li>\n<li>\n<button type=\"submit\">Send Message</button>\n</li>\n</ul>\n</form>\n</div>\n<div style=\"clear:both\"></div>             \n           \n\n                    	</div> <!-- 	end tab-content class 		//-->\n                    </div> <!-- 		end id rightcontent 		//-->\n  					<div id=\"boxes\" class=\"about\">\n    				phpstart plugins(\'sidebar\'); endphp\n  					</div><!-- 			end id boxes				//-->\n  					phpstart\n                    break;\n              } endphp\n	</div>\n</div>\n<div class=\"push\"></div>\n</div>\n<div class=\"footer\">\n<div id=\"footer\">\n  <div id=\"footerLeft\">\n    <p class=\"copyright\">&copy; Sketch Development 2010-2012<br />Sketch Version phpstart echo getSettings(\"version\");endphp | Theme: <a href=\"http://elemisfreebies.com/04/14/delphic-free-html-template/\">elemisfreebies</a></p>\n  </div><!--							end id footerLeft		//-->\n  <div id=\"footerRight\">\nphpstart \n  	// - SKETCH GET SOCIAL ICONS\n	filter(\"twitter\",array(\"links\"=>true));\n	// - END SKETCH GET SOCIAL ICONS\nendphp\n  </div> <!-- 							end id footerRight 		//-->\n</div>	 <!--							end if footer			//-->							\n</div>\nphpstart \n	// - SKETCH GET END PLUGINS\n	plugins(\"end\"); \n	// - END SKETCH LOADING \'END\' PLUGINS\nendphp\n</body>\n</html>','page','Contact us');
DROP TABLE IF EXISTS `users`;
CREATE TABLE `users` (
  `user_id` int(11) NOT NULL AUTO_INCREMENT,
  `user_login` varchar(50) DEFAULT NULL,
  `user_password` varchar(50) DEFAULT NULL,
  `user_email` varchar(150) DEFAULT NULL,
  `is_super` int(11) DEFAULT '0',
  PRIMARY KEY (`user_id`)
) ENGINE=InnoDB DEFAULT CHARSET=utf8;